{
  "accuracy": 0.6028681742967458,
  "macro_f1": 0.47709685967086213,
  "weighted_f1": 0.6158793999370507
}