{
  "accuracy": 0.6469939327082185,
  "macro_f1": 0.4390558857032327,
  "weighted_f1": 0.6296359108944367
}