{
  "accuracy": 0.5488141202426917,
  "macro_f1": 0.4067387658154757,
  "weighted_f1": 0.5627314659802746
}