{
  "accuracy": 0.5466078323221181,
  "macro_f1": 0.4048416646668542,
  "weighted_f1": 0.5623347869318287
}